<?xml version="1.0" encoding="UTF-8" standalone="yes"?>
<manifest>
  <control namespace="nj" constructor="AggregateGrid" version="1.0.45" display-name-key="AggregateGrid" description-key="AggregateGrid for numeric fields" control-type="standard" api-version="1.2.1">
    <data-set name="listDataSet" display-name-key="List Dataset" cds-data-set-options="displayCommandBar:true;displayViewSelector:true;displayQuickFindSearch:true"/>
    <resources>
      <code path="bundle.js" order="1"/>
      <css path="css/ListControl.css" order="1"/>
    </resources>
    <feature-usage>
      <uses-feature name="Device.captureAudio" required="true"/>
      <uses-feature name="Device.captureImage" required="true"/>
      <uses-feature name="Device.captureVideo" required="true"/>
      <uses-feature name="Device.getBarcodeValue" required="true"/>
      <uses-feature name="Device.getCurrentPosition" required="true"/>
      <uses-feature name="Device.pickFile" required="true"/>
      <uses-feature name="Utility" required="true"/>
      <uses-feature name="WebAPI" required="true"/>
    </feature-usage>
    <built-by name="pac" version="1.1.6"/>
  </control>
</manifest>